IGCSE1.png,c,,IGCSE,1,.png
IGCSE2.png,c,,skip,2,
IGCSE3.png,b,,13,3,
IGCSE4.png,b,,23,4,
IGCSE5.png,a,,,5,
IGCSE6.png,a,,,6,
IGCSE7.png,b,,,7,
IGCSE8.png,c,,,8,
IGCSE9.png,c,,,9,
IGCSE10.png,b,,,10,
IGCSE11.png,a,,,11,
IGCSE12.png,c,,,12,
IGCSE13.png,a,,,13,
IGCSE14.png,d,,,14,
IGCSE15.png,a,,,15,
IGCSE16.png,a,,,16,
IGCSE17.png,c,,,17,
IGCSE18.png,d,,,18,
IGCSE19.png,a,,,19,
IGCSE20.png,c,,,20,
IGCSE21.png,c,,,21,
IGCSE22.png,a,,,22,
IGCSE23.png,c,,,23,
IGCSE24.png,a,,,24,
IGCSE25.png,b,,,25,
IGCSE26.png,c,,,26,
IGCSE27.png,d,,,27,
IGCSE28.png,a,,,28,
IGCSE29.png,b,,,29,
IGCSE30.png,c,,,30,
IGCSE31.png,b,,,31,
IGCSE32.png,b,,,32,
IGCSE33.png,b,,,33,
IGCSE34.png,c,,,34,
IGCSE35.png,c,,,35,
IGCSE36.png,b,,,36,
IGCSE37.png,b,,,37,
IGCSE38.png,b,,,38,
IGCSE39.png,a,,,39,
IGCSE40.png,a,,,40,
IGCSE41.png,c,,,41,
IGCSE42.png,a,,,42,
IGCSE43.png,a,,,43,
IGCSE44.png,d,,,44,
IGCSE45.png,b,,,45,
IGCSE46.png,c,,,46,
IGCSE47.png,c,,,47,
IGCSE48.png,b,,,48,
IGCSE49.png,d,,,49,
IGCSE50.png,c,,,50,
IGCSE51.png,b,,,51,
IGCSE52.png,d,,,52,
IGCSE53.png,d,,,53,
IGCSE54.png,c,,,54,
IGCSE55.png,c,,,55,
IGCSE56.png,c,,,56,
IGCSE57.png,b,,,57,
IGCSE58.png,c,,,58,
IGCSE59.png,b,,,59,
IGCSE60.png,b,,,60,
IGCSE61.png,c,,,61,
IGCSE62.png,c,,,62,
IGCSE63.png,d,,,63,
IGCSE64.png,b,,,64,
IGCSE65.png,b,,,65,
IGCSE66.png,a,,,66,
IGCSE67.png,b,,,67,
IGCSE68.png,c,,,68,
IGCSE69.png,b,,,69,
IGCSE70.png,c,,,70,
IGCSE71.png,d,,,71,
IGCSE72.png,b,1,,72,
IGCSE73.png,b,2,,73,
IGCSE74.png,c,3,,74,
IGCSE75.png,c,4,,75,
IGCSE76.png,b,5,,76,
IGCSE77.png,c,6,,77,
IGCSE78.png,b,7,,78,
IGCSE79.png,d,8,,79,
IGCSE80.png,c,9,,80,
IGCSE81.png,d,10,,81,
IGCSE82.png,c,11,,82,
IGCSE83.png,c,12,,83,
IGCSE84.png,a,13,,84,
IGCSE85.png,c,14,,85,
IGCSE86.png,b,15,,86,
IGCSE87.png,d,16,,87,
IGCSE88.png,d,17,,88,
IGCSE89.png,a,18,,89,
IGCSE90.png,b,19,,90,
IGCSE91.png,a,20,,91,
IGCSE92.png,d,21,,92,
IGCSE93.png,c,22,,93,
IGCSE94.png,a,23,,94,
IGCSE95.png,a,25,,95,
IGCSE96.png,d,26,,96,
IGCSE97.png,a,27,,97,
IGCSE98.png,b,28,,98,
IGCSE99.png,b,29,,99,
IGCSE100.png,a,30,,100,
IGCSE101.png,b,31,,101,
IGCSE102.png,a,32,,102,
IGCSE103.png,b,33,,103,
IGCSE104.png,a,34,,104,
IGCSE105.png,b,35,,105,
IGCSE106.png,c,36,,106,
IGCSE107.png,c,37,,107,
IGCSE108.png,a,38,,108,
IGCSE109.png,b,39,,109,
IGCSE110.png,b,40,,110,
,,,,111,
,,,,112,
,,,,113,
,,,,114,
,,,,115,
,,,,116,
,,,,117,
,,,,118,
,,,,119,
,,,,120,
,,,,121,
,,,,122,
,,,,123,
,,,,124,
,,,,125,
,,,,126,
,,,,127,
